step,elapsed_s,total,rec,rew,con,dyn,rep,dyn_raw,rep_raw,post_entropy,prior_entropy,reward_mae,cont_mae,grad_norm
0,0.61,1143.479004,1131.263306,5.541264,0.81306,5.328457,5.328457,5.328457,5.328457,42.820461,40.835548,0.030075,0.543135,6893.987305
25,6.039,1063.363281,1051.138794,5.540864,0.817224,5.332994,5.332994,5.332994,5.332994,42.835136,40.819611,0.030191,0.545505,6563.516602
50,11.539,1040.502563,1028.44043,5.538728,0.814344,5.190031,5.190031,5.190031,5.190031,42.854599,40.938824,0.028396,0.543702,6279.757324
75,16.964,987.024414,975.341431,5.533723,0.780359,4.880785,4.880785,4.880785,4.880785,42.865891,41.186096,0.029924,0.52901,5985.638672
100,22.394,998.300049,986.762878,5.525254,0.77275,4.762877,4.762877,4.762877,4.762877,42.690231,41.57,0.030252,0.526557,5970.596191
125,27.83,865.295471,854.458862,5.513071,0.728363,4.177486,4.177486,4.177486,4.177486,42.472473,42.270206,0.028241,0.505919,5138.600586
150,33.277,798.223328,787.426636,5.495629,0.664462,4.215061,4.215061,4.215061,4.215061,41.775406,42.787457,0.030117,0.474312,4696.736328
175,38.814,723.290894,712.057068,5.470928,0.60707,4.687158,4.687158,4.687158,4.687158,40.597809,43.1511,0.028086,0.445323,4177.390137
200,44.269,631.430237,619.277832,5.437786,0.506261,5.643944,5.643944,5.643944,5.643944,38.867474,43.367676,0.028443,0.388959,3609.601807
225,49.712,561.129639,548.147095,5.395505,0.424655,6.511236,6.511236,6.511236,6.511236,37.078819,43.357643,0.030379,0.337902,3157.150635
250,55.239,480.88147,467.289368,5.346373,0.33622,7.190451,7.190451,7.190451,7.190451,35.447403,43.057987,0.03008,0.278198,2640.096191
275,60.673,448.33963,434.821289,5.290004,0.257053,7.246615,7.246615,7.246615,7.246615,34.423256,42.633751,0.028553,0.219173,2446.320557
300,66.085,410.201843,397.317566,5.228843,0.191858,6.785067,6.785067,6.785067,6.785067,33.91597,42.189152,0.028588,0.166671,2257.760254
325,71.579,371.769958,359.648407,5.162993,0.150078,6.189516,6.189516,6.189516,6.189516,33.564392,41.678146,0.027771,0.130865,1974.548828
350,76.98,343.827026,332.201355,5.09217,0.117029,5.83316,5.83316,5.83316,5.83316,33.153503,41.244095,0.030048,0.101263,1826.338745
375,82.376,305.881561,294.628601,5.017263,0.095087,5.582367,5.582367,5.582367,5.582367,32.811974,40.831299,0.029141,0.080851,1506.327393
400,87.779,288.541962,277.666016,4.938839,0.078123,5.326351,5.326351,5.326351,5.326351,32.600868,40.4711,0.028649,0.064602,1277.985352
425,93.183,269.13208,258.596619,4.856936,0.066701,5.101642,5.101642,5.101642,5.101642,32.393002,40.213623,0.030938,0.053416,1181.203369
450,98.671,256.815674,246.753235,4.77177,0.058161,4.756821,4.756821,4.756821,4.756821,32.269997,39.957825,0.029709,0.044871,987.215332
475,104.07,248.166336,238.34761,4.683547,0.052637,4.620488,4.620488,4.620488,4.620488,31.903389,39.739861,0.031297,0.039241,961.764832
500,109.472,223.720627,214.374008,4.591552,0.047593,4.279532,4.279532,4.279532,4.279532,31.69733,39.476265,0.029831,0.034014,748.363159
525,114.958,210.422852,201.424683,4.497053,0.044116,4.051821,4.051821,4.051821,4.051821,31.286303,39.023373,0.026591,0.030358,674.602112
550,120.409,201.177933,192.651398,4.399011,0.04113,3.714911,3.714911,3.714911,3.714911,31.156715,38.600307,0.027576,0.027174,475.727936
575,126.266,185.1409,177.128113,4.298024,0.039199,3.341434,3.341434,3.341434,3.341434,31.142784,38.301201,0.031228,0.025098,370.674683
600,131.848,184.567932,177.070068,4.19347,0.037177,2.970204,2.970204,2.970204,2.970204,31.742741,38.147987,0.030217,0.022888,333.922089
625,137.261,185.037781,177.633041,4.08786,0.037257,2.981476,2.981476,2.981476,2.981476,32.875343,38.269234,0.029823,0.022975,308.770538
650,142.685,168.968552,160.886063,3.978017,0.036662,3.698012,3.698012,3.698012,3.698012,33.260998,38.588604,0.027339,0.022316,285.981903
675,148.091,179.581833,171.212372,3.860597,0.035504,4.066689,4.066689,4.066689,4.066689,33.769222,38.793598,0.024819,0.021036,232.794342
700,153.491,166.253342,158.046432,3.741054,0.034263,4.028723,4.028723,4.028723,4.028723,33.396713,38.744713,0.026358,0.019652,245.297943
725,158.992,165.285156,157.154587,3.619219,0.03367,4.070615,4.070615,4.070615,4.070615,33.382652,38.738365,0.025273,0.018978,277.627197
750,164.411,157.484589,149.480865,3.499482,0.033295,4.064493,4.064493,4.064493,4.064493,33.837914,38.920101,0.027468,0.018555,158.695328
775,169.822,150.244614,142.240082,3.365043,0.032509,4.188167,4.188167,4.188167,4.188167,33.732437,38.957207,0.022616,0.017654,160.449478
800,175.325,149.265671,141.361725,3.23471,0.032829,4.214914,4.214914,4.214914,4.214914,33.950249,38.897743,0.023246,0.018019,294.645264
825,180.73,146.966232,139.119781,3.100597,0.03209,4.285239,4.285239,4.285239,4.285239,33.832016,38.728546,0.021438,0.017169,146.128357
850,186.131,150.507401,142.94725,2.965272,0.032153,4.147927,4.147927,4.147927,4.147927,33.950508,38.869999,0.022215,0.017235,167.136139
875,191.627,143.521851,135.956146,2.827466,0.032463,4.277974,4.277974,4.277974,4.277974,33.478439,38.972534,0.020165,0.017585,159.310486
900,197.04,139.597672,132.236191,2.690791,0.032772,4.216276,4.216276,4.216276,4.216276,33.484436,39.087349,0.02117,0.017906,125.251411
925,202.509,135.858719,128.424164,2.550508,0.03258,4.410427,4.410427,4.410427,4.410427,33.629642,39.064049,0.019022,0.017679,136.281601
950,208.116,129.052795,122.043182,2.408129,0.031252,4.154762,4.154762,4.154762,4.154762,32.996277,38.727013,0.014915,0.016165,158.024796
975,213.597,128.435928,121.741394,2.268987,0.030548,3.995449,3.995449,3.995449,3.995449,32.897903,38.572987,0.013854,0.015337,103.213562
1000,219.287,129.416489,122.861588,2.131238,0.030461,3.993815,3.993815,3.993815,3.993815,33.178757,38.728836,0.011344,0.015213,135.092987
1025,224.939,120.676559,114.144333,1.997568,0.028841,4.096197,4.096197,4.096197,4.096197,32.986916,38.342537,0.010278,0.013338,157.485504
1050,230.362,119.714127,113.63591,1.891256,0.028329,3.780575,3.780575,3.780575,3.780575,32.968452,38.345844,0.014909,0.012668,124.656937
1075,235.895,122.457718,116.258316,1.752736,0.029964,4.015185,4.015185,4.015185,4.015185,33.195477,38.281689,0.009964,0.01457,216.505569
1100,241.612,122.82592,116.792084,1.657606,0.031154,3.950073,3.950073,3.950073,3.950073,32.951336,38.300724,0.017091,0.015927,260.466156
1125,247.037,117.096832,111.132568,1.527845,0.027905,4.00774,4.00774,4.00774,4.00774,32.7957,38.38047,0.01076,0.01213,115.721092
1150,252.559,113.512131,107.841606,1.428619,0.028885,3.830018,3.830018,3.830018,3.830018,32.782166,38.056313,0.012541,0.013238,101.636642
1175,258.305,121.419067,115.557938,1.333724,0.028881,4.089568,4.089568,4.089568,4.089568,33.516182,38.515713,0.011154,0.013281,75.205704
1200,263.736,114.393707,108.771957,1.2461,0.029445,3.951092,3.951092,3.951092,3.951092,32.925728,38.200142,0.013167,0.01388,98.41066
1225,269.154,107.501923,101.843719,1.174799,0.027334,4.050969,4.050969,4.050969,4.050969,33.013443,38.130959,0.014175,0.011468,269.933319
1250,274.574,115.346016,109.924896,1.096057,0.028785,3.905706,3.905706,3.905706,3.905706,32.725796,38.013748,0.013495,0.013041,216.026199
1275,280.094,103.999908,98.857239,1.017555,0.030188,3.722654,3.722654,3.722654,3.722654,32.399849,37.745522,0.011357,0.014471,142.530838
1300,285.523,117.50972,112.172302,0.965812,0.030083,3.946836,3.946836,3.946836,3.946836,32.663128,37.743465,0.013815,0.0145,119.875938
1325,290.925,110.587936,105.387817,0.908512,0.029074,3.875031,3.875031,3.875031,3.875031,32.767998,37.578541,0.014117,0.013214,116.888695
1350,296.435,109.080429,103.910683,0.833174,0.026557,3.918191,3.918191,3.918191,3.918191,32.637669,37.504631,0.011734,0.010387,111.990608
1375,301.856,99.507492,94.415489,0.802554,0.026493,3.875416,3.875416,3.875416,3.875416,32.302437,37.397438,0.013036,0.010249,139.861603
1400,307.281,98.627708,93.548691,0.768102,0.025199,3.896099,3.896099,3.896099,3.896099,31.862316,37.408081,0.013242,0.008624,70.831451
1425,312.712,103.34111,98.185814,0.740956,0.027666,3.987887,3.987887,3.987887,3.987887,32.477528,37.360703,0.011459,0.011467,117.047508
1450,318.237,103.503601,98.395676,0.730661,0.028579,3.953352,3.953352,3.953352,3.953352,32.411217,37.304085,0.01392,0.012559,158.610397
1475,323.659,100.102432,95.053253,0.706135,0.026618,3.924016,3.924016,3.924016,3.924016,32.119633,37.374023,0.012011,0.010342,108.492599
1500,329.028,95.411888,90.287834,0.672796,0.025495,4.023416,4.023416,4.023416,4.023416,31.969563,37.026115,0.011411,0.0089,93.960419
1525,334.405,94.845062,89.594376,0.6769,0.025576,4.134732,4.134732,4.134732,4.134732,31.996468,36.997856,0.013786,0.008937,97.655693
1550,339.865,98.48008,93.168159,0.654758,0.025194,4.210886,4.210886,4.210886,4.210886,31.846254,37.083054,0.011962,0.00857,135.497711
1575,345.253,92.191315,86.853958,0.639913,0.02475,4.247903,4.247903,4.247903,4.247903,31.96804,36.952873,0.012183,0.007958,205.237274
1600,350.632,100.34964,95.112061,0.651382,0.026405,4.145262,4.145262,4.145262,4.145262,32.151772,37.324905,0.01462,0.009961,159.716095
1625,356.096,94.194267,88.810455,0.639729,0.023981,4.290998,4.290998,4.290998,4.290998,32.004646,36.977951,0.013554,0.006979,108.764648
1650,361.488,88.073296,82.929443,0.599388,0.023117,4.110312,4.110312,4.110312,4.110312,31.742039,36.821705,0.012359,0.005802,88.594246
1675,366.86,95.33461,89.884346,0.795046,0.024888,4.209397,4.209397,4.209397,4.209397,31.870621,37.008335,0.027806,0.008026,122.434914
1700,372.215,94.850647,89.311142,0.608616,0.023725,4.461055,4.461055,4.461055,4.461055,31.663963,36.922066,0.013219,0.006599,131.944092
1725,377.657,88.082642,82.792343,0.572979,0.023519,4.267086,4.267086,4.267086,4.267086,31.48497,36.892548,0.012378,0.006243,101.935013
1750,383.022,94.058067,88.51461,0.585546,0.02379,4.485562,4.485562,4.485562,4.485562,32.04171,36.870949,0.012348,0.00666,160.862183
1775,388.383,92.68,87.217606,0.592801,0.02433,4.404783,4.404783,4.404783,4.404783,31.615549,36.925259,0.015642,0.007248,107.151291
1800,393.755,90.544785,84.963303,0.599993,0.023381,4.507369,4.507369,4.507369,4.507369,31.828941,36.701057,0.016305,0.00609,122.550957
1825,399.236,87.362587,82.013275,0.535004,0.023311,4.355452,4.355452,4.355452,4.355452,31.681797,36.539833,0.010886,0.005947,124.537056
1850,404.612,82.308189,76.85173,0.563852,0.024124,4.425897,4.425897,4.425897,4.425897,31.451994,36.721985,0.014234,0.00693,139.47052
1875,409.983,82.751564,77.264206,0.562584,0.022569,4.456553,4.456553,4.456553,4.456553,31.356356,36.635658,0.013895,0.004911,120.978882
1900,415.356,84.421669,78.821442,0.536156,0.02266,4.583101,4.583101,4.583101,4.583101,31.737892,36.639957,0.011815,0.005067,147.05632
1925,420.81,86.027847,80.492752,0.547663,0.022816,4.513285,4.513285,4.513285,4.513285,31.502634,36.56979,0.012897,0.00526,92.58744
1950,426.174,84.581688,79.089905,0.552077,0.022493,4.470191,4.470191,4.470191,4.470191,31.077663,36.342686,0.013409,0.00483,99.35891
1975,431.536,84.801956,79.263702,0.529491,0.022778,4.532709,4.532709,4.532709,4.532709,31.577168,36.54409,0.012305,0.005203,160.758942
2000,436.973,80.896118,75.50795,0.532581,0.02226,4.393933,4.393933,4.393933,4.393933,31.307571,36.541008,0.013057,0.004401,109.037231
2025,442.429,81.119865,75.676208,0.542571,0.022429,4.435145,4.435145,4.435145,4.435145,30.973396,36.460403,0.01268,0.004687,95.816162
2050,447.879,77.235275,71.434494,0.534367,0.02197,4.767672,4.767672,4.767672,4.767672,31.184,36.466248,0.014916,0.003984,78.570992
2075,453.275,87.696968,82.044777,0.534568,0.023953,4.630605,4.630605,4.630605,4.630605,31.435863,36.638493,0.014341,0.00669,176.163391
2100,458.643,79.733772,74.291748,0.521227,0.022532,4.452971,4.452971,4.452971,4.452971,31.227325,36.57621,0.01307,0.004827,87.754143
2125,464.119,80.120415,74.354675,0.512758,0.022091,4.755353,4.755353,4.755353,4.755353,31.026497,36.562374,0.012217,0.004119,87.368996
2150,469.485,78.922066,73.316681,0.522055,0.021817,4.601376,4.601376,4.601376,4.601376,31.002457,36.311195,0.011927,0.003656,80.81385
2175,474.851,83.862511,78.067566,0.566875,0.022243,4.732576,4.732576,4.732576,4.732576,31.112957,36.241154,0.017134,0.004239,114.92746
2200,480.299,81.538879,75.719635,0.533697,0.022402,4.784679,4.784679,4.784679,4.784679,31.117409,36.519279,0.013569,0.004389,113.804565
2225,485.68,77.653969,71.719681,0.507708,0.021641,4.913581,4.913581,4.913581,4.913581,31.145481,36.379196,0.01203,0.00337,114.333778
2250,491.05,81.739304,75.882042,0.519406,0.022115,4.832489,4.832489,4.832489,4.832489,31.140633,36.504242,0.012493,0.004074,150.469208
2275,496.497,77.918976,72.01535,0.507302,0.021678,4.886051,4.886051,4.886051,4.886051,30.868023,36.307808,0.010617,0.0034,117.584122
2300,501.859,77.086212,71.092422,0.518937,0.021789,4.957331,4.957331,4.957331,4.957331,31.346687,36.439281,0.012284,0.003616,161.461868
2325,507.234,79.241341,73.268112,0.499841,0.022087,4.955727,4.955727,4.955727,4.955727,31.160366,36.42778,0.010319,0.004015,98.569069
2350,512.622,75.502937,69.328995,0.500681,0.021587,5.137895,5.137895,5.137895,5.137895,30.970879,36.238953,0.011531,0.003257,102.455795
2375,518.006,79.876427,73.734634,0.638715,0.022188,4.982631,4.982631,4.982631,4.982631,31.068333,36.476555,0.023346,0.003973,114.554985
2400,523.468,80.170464,74.206589,0.484548,0.021687,4.961491,4.961491,4.961491,4.961491,30.805077,36.267273,0.011706,0.003408,101.149765
2425,528.844,75.195435,68.759361,0.508977,0.021572,5.368656,5.368656,5.368656,5.368656,30.680487,36.355827,0.013688,0.003197,124.871674
2450,534.218,73.457123,67.288925,0.50097,0.021523,5.13246,5.13246,5.13246,5.13246,30.626055,36.248516,0.011633,0.003085,83.970047
2475,539.687,74.099274,68.034882,0.484099,0.021523,5.053432,5.053432,5.053432,5.053432,30.499182,36.121902,0.012167,0.00303,183.781998
2500,545.06,74.960045,68.715042,0.496959,0.02123,5.206195,5.206195,5.206195,5.206195,30.619627,36.253281,0.014727,0.002551,74.776405
2525,550.413,77.443687,71.396988,0.516438,0.021876,5.007628,5.007628,5.007628,5.007628,30.505146,36.293365,0.015012,0.003457,113.413902
2550,555.856,72.875656,66.509537,0.494042,0.02149,5.318716,5.318716,5.318716,5.318716,30.530575,36.232395,0.012745,0.002881,88.943481
2575,561.214,69.822189,63.794975,0.478471,0.021417,5.024843,5.024843,5.024843,5.024843,30.400589,36.117722,0.013645,0.002827,105.73761
2600,566.58,74.54277,68.200699,0.513291,0.02113,5.279686,5.279686,5.279686,5.279686,30.304621,36.160931,0.014848,0.002265,107.821754
2625,571.948,73.753838,67.205833,0.527888,0.021252,5.453518,5.453518,5.453518,5.453518,30.143656,36.386635,0.016378,0.002474,93.05043
2650,577.313,70.400093,63.810188,0.484768,0.021275,5.530782,5.530782,5.530782,5.530782,30.377325,36.166779,0.011144,0.002487,97.771439
2675,582.777,68.895905,62.44875,0.501437,0.020889,5.386209,5.386209,5.386209,5.386209,30.176216,36.081032,0.013348,0.001799,148.959061
2700,588.157,74.175095,67.764359,0.490868,0.021188,5.362437,5.362437,5.362437,5.362437,30.410557,36.277763,0.013438,0.002385,112.956848
2725,593.546,69.235252,62.740311,0.484196,0.020976,5.445244,5.445244,5.445244,5.445244,30.278923,36.054619,0.011963,0.001977,105.801758
2750,599.009,69.484589,62.808807,0.482431,0.021041,5.611191,5.611191,5.611191,5.611191,30.331869,36.154129,0.013012,0.002124,108.368134
2775,604.39,74.093521,67.53157,0.517706,0.021038,5.475645,5.475645,5.475645,5.475645,30.185633,36.087585,0.015186,0.002041,151.006775
2800,609.763,74.711365,68.087097,0.486285,0.021285,5.560637,5.560637,5.560637,5.560637,30.153526,36.207901,0.012264,0.002417,138.379044
2825,615.221,69.929672,63.205139,0.499913,0.020984,5.63967,5.63967,5.63967,5.63967,30.317659,36.107189,0.013646,0.00191,112.105202
2850,620.594,65.775558,59.075661,0.477073,0.0208,5.638206,5.638206,5.638206,5.638206,30.070793,35.905029,0.01251,0.001564,117.7192
2875,625.958,65.854172,59.287308,0.497369,0.020878,5.498746,5.498746,5.498746,5.498746,30.093157,36.238564,0.012756,0.001706,91.286255
2900,631.328,66.302162,59.960758,0.467736,0.020852,5.320743,5.320743,5.320743,5.320743,30.093801,35.888268,0.012163,0.001638,100.655548
2925,636.695,73.768143,67.104065,0.499483,0.021125,5.584975,5.584975,5.584975,5.584975,30.007427,36.060104,0.01582,0.002123,72.893982
2950,642.157,69.106194,62.384739,0.458307,0.020859,5.674811,5.674811,5.674811,5.674811,29.972504,36.037205,0.01083,0.001623,165.961746
2975,647.526,64.689468,58.0555,0.474561,0.020851,5.580507,5.580507,5.580507,5.580507,29.958645,36.112282,0.012394,0.001659,138.745895
3000,652.899,72.120049,65.455978,0.527079,0.021266,5.559751,5.559751,5.559751,5.559751,29.969374,36.036491,0.016956,0.002278,102.177803
3025,658.442,67.658005,60.827782,0.472958,0.020888,5.76034,5.76034,5.76034,5.76034,29.916386,36.043091,0.011283,0.001578,136.243347
3050,663.906,66.718834,59.993343,0.506308,0.020905,5.634797,5.634797,5.634797,5.634797,29.611364,35.862301,0.015272,0.001665,121.577515
3075,669.304,67.768555,61.095421,0.473149,0.020732,5.617501,5.617501,5.617501,5.617501,30.067265,36.155041,0.011382,0.001284,126.004837
3100,674.76,65.711823,58.634789,0.492242,0.02072,5.96734,5.96734,5.96734,5.96734,29.963533,36.031517,0.01241,0.001261,152.988434
3125,680.151,69.358482,62.43037,0.495946,0.020821,5.828503,5.828503,5.828503,5.828503,29.988548,35.973969,0.01291,0.00141,122.15258
3150,685.529,68.585083,61.639606,0.474017,0.020832,5.864211,5.864211,5.864211,5.864211,30.060923,35.970337,0.011625,0.001507,86.17765
3175,690.895,66.837708,59.995724,0.482271,0.020806,5.762646,5.762646,5.762646,5.762646,29.935831,35.917191,0.013816,0.001492,93.990974
3200,696.257,63.136448,56.043228,0.494344,0.020764,5.980101,5.980101,5.980101,5.980101,29.773418,35.831017,0.014165,0.001317,118.913452
3225,701.719,68.014786,60.945801,0.488569,0.020656,5.963419,5.963419,5.963419,5.963419,29.893841,36.114792,0.013041,0.001068,107.974487
3250,707.091,64.585495,57.543205,0.47785,0.02074,5.948824,5.948824,5.948824,5.948824,29.843901,35.888802,0.013409,0.001187,154.466385
3275,712.468,63.503326,56.421799,0.471999,0.0207,5.989846,5.989846,5.989846,5.989846,29.646322,35.945068,0.011509,0.001097,77.794456
3300,717.942,65.272392,58.217686,0.494941,0.020745,5.944565,5.944565,5.944565,5.944565,29.665806,35.966759,0.013685,0.001252,171.749237
3325,723.322,64.879776,57.559277,0.471715,0.020619,6.20742,6.20742,6.20742,6.20742,29.803631,35.981735,0.012279,0.000984,132.248917
3350,728.698,61.257397,53.885902,0.509812,0.020614,6.219153,6.219153,6.219153,6.219153,29.349598,35.838272,0.015523,0.000904,133.806076
3375,734.068,70.276535,62.948521,0.553252,0.02092,6.139858,6.139858,6.139858,6.139858,29.588314,36.111279,0.017072,0.001456,129.781296
3400,739.522,66.317726,59.091717,0.468439,0.020728,6.124398,6.124398,6.124398,6.124398,29.857626,36.082306,0.012261,0.001217,91.836662
3425,744.913,62.282536,55.002758,0.455426,0.020577,6.18525,6.18525,6.18525,6.18525,29.485504,35.889984,0.011066,0.000779,179.844147
3450,750.301,64.505722,57.160637,0.477141,0.020632,6.224825,6.224825,6.224825,6.224825,29.806664,36.068226,0.011749,0.00091,160.002808
3475,755.687,60.323341,53.156425,0.478149,0.020645,6.061929,6.061929,6.061929,6.061929,29.329777,35.899166,0.011583,0.001012,116.684814
3500,761.148,64.339806,56.794765,0.505439,0.020692,6.380829,6.380829,6.380829,6.380829,29.718761,36.004936,0.015515,0.001038,157.841705
3525,766.514,64.033722,56.801003,0.460347,0.020747,6.13784,6.13784,6.13784,6.13784,29.57354,36.040627,0.011658,0.001089,102.57206
3550,771.881,62.561172,55.1791,0.44978,0.020568,6.283385,6.283385,6.283385,6.283385,29.527971,36.197838,0.009848,0.000757,124.458054
3575,777.325,62.994888,55.364632,0.497133,0.020624,6.465914,6.465914,6.465914,6.465914,29.701084,36.058834,0.013909,0.000891,184.574646
3600,782.708,64.878571,57.44202,0.469179,0.02089,6.314976,6.314976,6.314976,6.314976,29.544733,36.00259,0.013324,0.001234,188.63858
3625,788.089,65.899025,58.541481,0.455957,0.020649,6.255401,6.255401,6.255401,6.255401,29.679264,36.237064,0.010793,0.000925,123.681992
3650,793.465,68.396461,60.803207,0.471815,0.020699,6.45522,6.45522,6.45522,6.45522,29.622545,36.279205,0.011253,0.001012,120.424164
3675,798.926,60.771656,53.029053,0.453826,0.020594,6.607437,6.607437,6.607437,6.607437,29.356239,36.03223,0.011147,0.000745,109.105995
3700,804.31,62.571072,54.895775,0.458712,0.020674,6.541733,6.541733,6.541733,6.541733,29.828999,36.312759,0.011226,0.000897,120.322754
3725,809.696,63.900566,56.007008,0.472429,0.020568,6.727783,6.727783,6.727783,6.727783,29.695,36.244759,0.010576,0.000691,124.478661
3750,815.078,61.746384,53.988541,0.477681,0.020517,6.599677,6.599677,6.599677,6.599677,29.378674,35.849892,0.014121,0.00052,103.739525
3775,820.55,60.723389,52.959846,0.46964,0.020564,6.612125,6.612125,6.612125,6.612125,29.299191,35.996662,0.010884,0.000662,123.905228
3800,825.92,62.875557,55.239517,0.479516,0.020608,6.4872,6.4872,6.4872,6.4872,29.453648,36.062073,0.013219,0.00077,109.312019
3825,831.289,61.518196,53.955383,0.479751,0.020592,6.420427,6.420427,6.420427,6.420427,29.19569,35.869492,0.012089,0.000702,131.844574
3850,836.741,63.321236,55.557472,0.478603,0.020588,6.604158,6.604158,6.604158,6.604158,29.547493,35.992195,0.013114,0.000673,123.38961
3875,842.116,61.251007,53.47683,0.479269,0.020576,6.613031,6.613031,6.613031,6.613031,29.38155,36.018425,0.011849,0.000697,128.605286
3900,847.498,68.751747,60.946564,0.587746,0.020872,6.542333,6.542333,6.542333,6.542333,29.68704,36.224155,0.022228,0.001283,122.1633
3925,852.88,68.129471,60.3158,0.544622,0.020768,6.589346,6.589346,6.589346,6.589346,29.547468,36.097218,0.017414,0.001154,108.924789
3950,858.341,59.750443,51.904274,0.472484,0.020519,6.684698,6.684698,6.684698,6.684698,29.103745,36.165543,0.012228,0.000529,79.820633
3975,863.714,61.027794,53.124725,0.476344,0.02051,6.732922,6.732922,6.732922,6.732922,29.579031,36.175961,0.011234,0.000497,99.235374
4000,869.099,61.962406,54.06918,0.468957,0.020526,6.730676,6.730676,6.730676,6.730676,29.385197,36.223625,0.011196,0.000553,135.619919
4025,874.579,60.935867,52.910419,0.448917,0.020521,6.869101,6.869101,6.869101,6.869101,29.127838,36.270645,0.010373,0.000496,91.019951
4050,880.092,65.157074,57.175087,0.48228,0.020624,6.799166,6.799166,6.799166,6.799166,29.177347,36.156254,0.012482,0.000751,135.802444
4075,885.471,59.946503,52.086456,0.471608,0.020543,6.698089,6.698089,6.698089,6.698089,29.159767,36.016144,0.013029,0.000566,88.531975
4100,890.847,63.497929,55.413673,0.495653,0.020609,6.87999,6.87999,6.87999,6.87999,29.450502,36.384407,0.013244,0.000701,131.050522
4125,896.293,57.463249,49.460003,0.435737,0.020496,6.860921,6.860921,6.860921,6.860921,29.311468,36.360199,0.009118,0.00044,132.481262
4150,901.666,59.386871,51.211098,0.487902,0.0205,6.970337,6.970337,6.970337,6.970337,29.184475,36.373512,0.013043,0.000468,94.598259
4175,907.033,59.933556,51.701759,0.493497,0.020492,7.016189,7.016189,7.016189,7.016189,29.115778,36.249691,0.012942,0.000432,122.039917
4200,912.405,59.964344,51.81633,0.476743,0.020515,6.955236,6.955236,6.955236,6.955236,29.148262,36.296944,0.011054,0.000487,96.016823
4225,917.849,63.745098,55.521343,0.484405,0.020746,7.016915,7.016915,7.016915,7.016915,29.312618,36.369873,0.014732,0.00081,101.926102
4250,923.22,62.451672,54.328381,0.454099,0.020538,6.953321,6.953321,6.953321,6.953321,29.504116,36.304741,0.01177,0.000582,137.877686
4275,928.584,59.924988,51.700718,0.484315,0.020495,7.01769,7.01769,7.01769,7.01769,29.24198,36.218559,0.013026,0.000441,127.173775
4300,933.948,59.762936,51.203285,0.453691,0.020482,7.350438,7.350438,7.350438,7.350438,28.893738,36.321709,0.010088,0.000385,144.941528
4325,939.336,60.933609,52.600552,0.451349,0.020532,7.146527,7.146527,7.146527,7.146527,29.324608,36.449661,0.010224,0.000525,106.528503
4350,944.805,56.979218,48.69854,0.473071,0.020515,7.079172,7.079172,7.079172,7.079172,29.234055,36.287132,0.012854,0.000442,94.580399
4375,950.172,62.939999,54.376984,0.501658,0.020556,7.309817,7.309817,7.309817,7.309817,29.185776,36.308701,0.013827,0.000578,145.71756
4400,955.548,61.891701,53.4963,0.493835,0.020588,7.164524,7.164524,7.164524,7.164524,29.05274,36.513206,0.01445,0.000582,155.485367
4425,961.022,57.787659,49.464073,0.459352,0.020499,7.130667,7.130667,7.130667,7.130667,29.153172,36.439522,0.011434,0.00046,87.829094
4450,966.394,56.03611,47.453674,0.441467,0.020471,7.382272,7.382272,7.382272,7.382272,29.096626,36.471428,0.009103,0.000345,144.516266
4475,971.771,58.451061,50.082008,0.477389,0.02049,7.155614,7.155614,7.155614,7.155614,29.050743,36.548241,0.013099,0.000417,196.711624
4500,977.233,61.809147,53.318481,0.474573,0.020523,7.268701,7.268701,7.268701,7.268701,29.324806,36.366707,0.012521,0.00051,98.40403
4525,982.608,61.690712,53.083916,0.468678,0.02051,7.379642,7.379642,7.379642,7.379642,29.219456,36.49263,0.013483,0.000464,107.753822
4550,987.978,59.178196,50.907944,0.454303,0.020487,7.086784,7.086784,7.086784,7.086784,29.074207,36.338707,0.011495,0.000396,116.058968
4575,993.345,55.591457,47.180912,0.467252,0.020479,7.202556,7.202556,7.202556,7.202556,29.097961,36.444862,0.009184,0.000365,132.361359
4600,998.711,58.896671,50.224846,0.463302,0.020484,7.443673,7.443673,7.443673,7.443673,29.077717,36.343266,0.012997,0.000392,136.505051
4625,1004.167,57.593834,49.134712,0.449036,0.020494,7.263266,7.263266,7.263266,7.263266,28.824406,36.410545,0.009724,0.00041,129.820938
4650,1009.535,58.525627,49.998539,0.458741,0.020497,7.316228,7.316228,7.316228,7.316228,28.797546,36.286995,0.012593,0.000438,129.0979
4675,1014.905,56.328175,47.651405,0.467308,0.02048,7.444528,7.444528,7.444528,7.444528,29.014454,36.273026,0.012838,0.000371,88.619865
4700,1020.368,58.399353,49.46838,0.498168,0.020482,7.647566,7.647566,7.647566,7.647566,28.948454,36.587711,0.014422,0.000382,121.356476
4725,1025.741,59.657261,51.16573,0.440507,0.020516,7.300464,7.300464,7.300464,7.300464,29.054371,36.492813,0.009748,0.000509,99.581085
4750,1031.116,58.352272,49.83588,0.445595,0.020486,7.318467,7.318467,7.318467,7.318467,28.95306,36.310749,0.010531,0.000392,92.041115
4775,1036.56,59.823063,51.297958,0.461299,0.020514,7.312079,7.312079,7.312079,7.312079,29.176918,36.315079,0.014054,0.000459,145.551529
4800,1041.935,58.784473,50.145348,0.462634,0.020494,7.414545,7.414545,7.414545,7.414545,28.828865,36.378216,0.01183,0.000424,88.702003
4825,1047.311,59.957394,51.357368,0.480789,0.020522,7.362464,7.362464,7.362464,7.362464,28.90205,36.489319,0.012698,0.000506,83.692169
4850,1052.688,54.278545,45.622074,0.454783,0.020474,7.437466,7.437466,7.437466,7.437466,28.877691,36.522274,0.00928,0.000351,92.517426
4875,1058.062,59.656284,50.714653,0.479603,0.020528,7.674091,7.674091,7.674091,7.674091,28.774015,36.504646,0.013424,0.000497,143.759232
4900,1063.524,59.650429,51.008018,0.47379,0.020513,7.407372,7.407372,7.407372,7.407372,28.809124,36.400448,0.012163,0.000463,116.23526
4925,1068.896,59.748989,50.893959,0.451461,0.020523,7.620948,7.620948,7.620948,7.620948,29.112741,36.540958,0.011117,0.000488,142.518234
4950,1074.267,57.613365,48.779026,0.464412,0.020472,7.590414,7.590414,7.590414,7.590414,29.036959,36.438286,0.011006,0.000345,139.463852
4975,1079.729,58.288376,49.670883,0.460764,0.020526,7.396547,7.396547,7.396547,7.396547,28.857876,36.465614,0.011995,0.000453,145.737946
5000,1085.107,59.773018,51.032818,0.471367,0.020523,7.498465,7.498465,7.498465,7.498465,29.102362,36.590401,0.011778,0.000504,165.093765
5025,1090.576,57.002312,48.301674,0.460965,0.02048,7.471992,7.471992,7.471992,7.471992,28.805944,36.648148,0.011169,0.000374,147.435577
5050,1096.081,60.661423,51.814213,0.46247,0.020548,7.60381,7.60381,7.60381,7.60381,28.935375,36.642406,0.012451,0.000529,124.417564
5075,1101.463,56.553879,47.746483,0.450121,0.020491,7.578892,7.578892,7.578892,7.578892,28.840914,36.373478,0.010453,0.000412,137.366058
5100,1106.833,55.494652,46.631439,0.478424,0.020492,7.603904,7.603904,7.603904,7.603904,28.676552,36.463791,0.011351,0.000413,81.614883
5125,1112.209,57.089737,48.18882,0.445425,0.020495,7.668175,7.668175,7.668175,7.668175,28.775597,36.563316,0.010427,0.000411,104.216537
5150,1117.589,57.887108,49.12645,0.447416,0.020485,7.538871,7.538871,7.538871,7.538871,28.486111,36.382172,0.009693,0.000399,146.465332
5175,1123.061,60.512432,51.514149,0.46771,0.020502,7.736431,7.736431,7.736431,7.736431,29.035618,36.678284,0.012294,0.000443,117.782173
5200,1128.431,61.017387,52.032001,0.464594,0.020525,7.727517,7.727517,7.727517,7.727517,28.968616,36.545685,0.011271,0.000494,110.523582
5225,1133.801,59.924625,50.811924,0.469303,0.020474,7.839025,7.839025,7.839025,7.839025,28.717533,36.740101,0.010662,0.000358,76.673645
5250,1139.265,54.548958,45.561066,0.452133,0.020472,7.74117,7.74117,7.74117,7.74117,28.776937,36.44841,0.009674,0.000332,99.643356
5275,1144.634,53.008881,43.876328,0.424095,0.020473,7.898166,7.898166,7.898166,7.898166,28.687119,36.389782,0.009473,0.000351,158.040176
5300,1150.0,51.838749,43.115681,0.432016,0.020474,7.518708,7.518708,7.518708,7.518708,28.830822,36.489594,0.009251,0.000349,150.968155
5325,1155.462,58.262379,49.176723,0.463318,0.020488,7.819863,7.819863,7.819863,7.819863,28.70363,36.477959,0.010636,0.000403,155.605637
5350,1160.839,59.85767,50.558666,0.449528,0.020495,8.026343,8.026343,8.026343,8.026343,28.775528,36.865726,0.010417,0.000404,106.6399
5375,1166.214,55.943867,46.785583,0.443373,0.020483,7.90402,7.90402,7.90402,7.90402,28.725021,36.609802,0.010085,0.000398,132.58754
5400,1171.61,56.408573,47.149586,0.449569,0.020476,7.989945,7.989945,7.989945,7.989945,28.971897,36.824272,0.012217,0.000347,154.985779
5425,1176.971,55.151466,45.968643,0.478129,0.020476,7.894743,7.894743,7.894743,7.894743,28.526932,36.518913,0.014556,0.000356,128.226746
5450,1182.431,56.214512,46.977837,0.45805,0.020472,7.961957,7.961957,7.961957,7.961957,28.831059,36.892555,0.012624,0.000335,123.170654
5475,1187.809,58.223667,48.919014,0.453601,0.020473,8.027799,8.027799,8.027799,8.027799,28.971958,36.679001,0.010307,0.000338,128.879807
5500,1193.188,53.078465,43.846634,0.462222,0.020468,7.953768,7.953768,7.953768,7.953768,28.548492,36.696564,0.011787,0.000321,114.481438
5525,1198.632,54.928272,45.737385,0.468561,0.020471,7.910779,7.910779,7.910779,7.910779,28.526085,36.700539,0.011187,0.000342,102.451759
5550,1204.002,54.888634,45.732307,0.464321,0.020467,7.883215,7.883215,7.883215,7.883215,28.675495,36.58305,0.010706,0.000315,91.878235
5575,1209.37,55.556011,46.318768,0.48961,0.020505,7.933753,7.933753,7.933753,7.933753,28.609858,36.748863,0.012594,0.00043,144.915863
5600,1214.746,54.379951,45.481918,0.434222,0.02047,7.675764,7.675764,7.675764,7.675764,28.576759,36.338696,0.008319,0.000331,134.340469
5625,1220.205,55.316929,45.997894,0.459894,0.020467,8.035159,8.035159,8.035159,8.035159,28.156345,36.638474,0.010353,0.000318,147.760971
5650,1225.575,56.961353,47.97097,0.480297,0.020487,7.717814,7.717814,7.717814,7.717814,28.896774,36.749477,0.011258,0.000387,90.101166
5675,1230.942,59.692238,50.445076,0.475094,0.020532,7.955943,7.955943,7.955943,7.955943,28.818352,36.903076,0.013462,0.000502,159.280457
5700,1236.334,52.495026,43.189713,0.485281,0.020474,7.9996,7.9996,7.9996,7.9996,28.398491,36.574257,0.013189,0.000346,104.175583
5725,1241.805,60.851013,51.363045,0.490079,0.020536,8.161234,8.161234,8.161234,8.161234,28.621319,36.882545,0.013375,0.000512,151.634308
5750,1247.188,54.0672,44.889694,0.444989,0.02048,7.920033,7.920033,7.920033,7.920033,28.540716,36.596745,0.010377,0.000364,145.420181
5775,1252.564,53.812054,44.481285,0.453621,0.020469,8.051525,8.051525,8.051525,8.051525,28.303543,36.64127,0.009573,0.00032,145.060379
5800,1258.024,59.159206,49.877846,0.4724,0.02051,7.989499,7.989499,7.989499,7.989499,28.793089,36.746811,0.013116,0.000462,123.012878
5825,1263.389,57.237061,47.944946,0.483885,0.020529,7.988822,7.988822,7.988822,7.988822,28.557884,36.624702,0.011626,0.000475,124.429634
5850,1268.75,53.938618,44.432259,0.439655,0.02047,8.223852,8.223852,8.223852,8.223852,28.430061,36.700867,0.010546,0.000324,149.070419
5875,1274.122,53.028214,43.558678,0.466717,0.020467,8.165774,8.165774,8.165774,8.165774,28.526743,36.715229,0.011499,0.000314,117.093987
5900,1279.573,53.441422,44.174168,0.452501,0.02048,7.994793,7.994793,7.994793,7.994793,28.55183,36.632973,0.010247,0.000373,107.857117
5925,1284.946,62.24028,52.606022,0.49799,0.020532,8.287032,8.287032,8.287032,8.287032,28.709368,36.793724,0.015625,0.000502,106.389786
5950,1290.314,55.464741,46.011265,0.446133,0.020465,8.169887,8.169887,8.169887,8.169887,28.273954,36.66375,0.009994,0.000301,104.141365
5975,1295.694,53.13464,43.703865,0.451122,0.02047,8.14471,8.14471,8.14471,8.14471,28.585289,36.842377,0.010024,0.000327,117.926971
6000,1301.163,51.890095,42.704937,0.451999,0.020461,7.92063,7.92063,7.92063,7.92063,28.633816,36.786957,0.008659,0.00028,160.345337
6025,1306.63,54.778622,45.47036,0.450118,0.020465,8.034254,8.034254,8.034254,8.034254,28.538607,36.5476,0.011345,0.000292,110.151978
6050,1312.053,51.32024,41.937286,0.447121,0.020463,8.104881,8.104881,8.104881,8.104881,28.483236,36.708229,0.010426,0.000283,80.234207
6075,1317.516,58.181183,48.701042,0.462629,0.020502,8.179104,8.179104,8.179104,8.179104,28.527567,36.698334,0.011235,0.000408,142.534592
6100,1322.887,54.841537,45.113968,0.472824,0.020477,8.394791,8.394791,8.394791,8.394791,28.465248,36.788086,0.012254,0.000334,132.515915
6125,1328.253,56.205074,46.579205,0.456162,0.020474,8.317485,8.317485,8.317485,8.317485,28.400669,36.745049,0.009381,0.000339,109.210251
6150,1333.622,53.871159,44.232719,0.456735,0.020474,8.328393,8.328393,8.328393,8.328393,28.671017,36.965183,0.009215,0.000335,145.512146
6175,1339.073,57.333717,47.612488,0.465245,0.020472,8.395918,8.395918,8.395918,8.395918,28.478161,36.809948,0.01133,0.000331,130.926941
6200,1344.443,54.0327,44.544628,0.46011,0.020479,8.188622,8.188622,8.188622,8.188622,28.147675,36.556499,0.010863,0.000329,130.434921
6225,1349.805,54.219391,44.836338,0.44422,0.020475,8.107594,8.107594,8.107594,8.107594,28.524239,36.642899,0.009844,0.000341,118.759331
6250,1355.171,52.494789,43.015724,0.450939,0.020466,8.188781,8.188781,8.188781,8.188781,28.542833,36.77948,0.010624,0.0003,118.726036
6275,1360.633,53.861839,44.328716,0.446085,0.020461,8.242344,8.242344,8.242344,8.242344,28.217625,36.641811,0.010318,0.000274,107.723206
6300,1366.003,52.189342,42.784554,0.449418,0.020468,8.122639,8.122639,8.122639,8.122639,28.574078,36.635529,0.008924,0.000304,102.995102
6325,1371.382,54.719574,44.96677,0.474431,0.020468,8.416273,8.416273,8.416273,8.416273,28.220631,36.672272,0.012732,0.000315,184.334671
6350,1376.837,51.218067,41.771801,0.434713,0.020469,8.173714,8.173714,8.173714,8.173714,28.312649,36.573837,0.009283,0.000315,108.521912
6375,1382.199,53.866856,43.881573,0.439748,0.020462,8.659157,8.659157,8.659157,8.659157,28.369282,36.768829,0.010746,0.000287,111.596313
6400,1387.571,53.612385,43.883018,0.495256,0.02047,8.37604,8.37604,8.37604,8.37604,28.174072,36.556213,0.013514,0.000315,144.160767
6425,1392.961,50.094929,40.359524,0.432846,0.020459,8.438275,8.438275,8.438275,8.438275,28.354702,36.723999,0.009815,0.000264,135.103897
6450,1398.427,52.678413,42.728584,0.444765,0.020467,8.622362,8.622362,8.622362,8.622362,28.374912,36.746758,0.010164,0.000308,138.00943
6475,1403.793,49.957993,40.516983,0.45546,0.02046,8.150083,8.150083,8.150083,8.150083,28.290426,36.618195,0.009652,0.000271,107.517998
6500,1409.156,53.219952,43.467724,0.437646,0.020465,8.449198,8.449198,8.449198,8.449198,28.352394,36.854652,0.009808,0.000298,126.738083
6525,1414.532,55.341225,45.650337,0.426358,0.020467,8.403692,8.403692,8.403692,8.403692,28.272663,36.638145,0.008849,0.000303,112.684799
6550,1419.894,55.186996,45.224449,0.508555,0.020485,8.575915,8.575915,8.575915,8.575915,28.372227,36.881813,0.014275,0.000369,109.620155
6575,1425.359,56.373745,46.7355,0.503367,0.020519,8.28578,8.28578,8.28578,8.28578,28.642685,36.90004,0.013353,0.000473,157.037582
6600,1430.738,48.819763,39.083866,0.463768,0.02046,8.41061,8.41061,8.41061,8.41061,28.260811,36.939922,0.011486,0.000267,106.908791
6625,1436.114,55.079159,45.080666,0.489805,0.020468,8.625652,8.625652,8.625652,8.625652,28.249004,36.938366,0.012812,0.000305,102.151619
6650,1441.577,54.469242,44.499187,0.469362,0.020488,8.61837,8.61837,8.61837,8.61837,28.25016,36.601105,0.010988,0.000346,120.346931
6675,1446.947,49.805153,39.796204,0.466381,0.02046,8.656462,8.656462,8.656462,8.656462,28.220041,36.749199,0.011791,0.00027,119.199348
6700,1452.322,51.974953,41.993637,0.456929,0.020459,8.639934,8.639934,8.639934,8.639934,28.291128,36.93676,0.011919,0.000265,136.5457
6725,1457.777,55.453999,45.630829,0.44835,0.020488,8.503936,8.503936,8.503936,8.503936,28.361786,36.858353,0.011388,0.000353,103.032867
6750,1463.155,58.138046,47.867638,0.525045,0.020497,8.84079,8.84079,8.84079,8.84079,28.397236,36.810486,0.017428,0.000394,122.761238
6775,1468.519,46.491375,36.551208,0.459276,0.020464,8.600384,8.600384,8.600384,8.600384,28.355259,36.818279,0.011655,0.000285,130.768066
6800,1473.887,53.261471,43.463097,0.471018,0.02047,8.460804,8.460804,8.460804,8.460804,28.199202,36.774193,0.012543,0.000305,115.395134
6825,1479.253,58.052544,48.038692,0.471665,0.020496,8.656082,8.656082,8.656082,8.656082,28.06179,36.901035,0.011496,0.000372,215.766922
6850,1484.717,54.722797,44.882652,0.44293,0.020467,8.524319,8.524319,8.524319,8.524319,28.238396,36.801018,0.009875,0.00029,127.15744
6875,1490.088,52.191875,42.12381,0.456665,0.020465,8.719032,8.719032,8.719032,8.719032,28.065071,36.962532,0.010526,0.000291,109.207489
6900,1495.459,51.866024,41.878021,0.451778,0.020467,8.650688,8.650688,8.650688,8.650688,28.091763,36.886314,0.009746,0.000298,151.377975
6925,1500.911,54.858894,44.913467,0.470865,0.020468,8.594634,8.594634,8.594634,8.594634,28.247204,36.947433,0.011602,0.000295,107.422401
6950,1506.271,53.750034,43.710388,0.430123,0.020464,8.717325,8.717325,8.717325,8.717325,28.087841,36.673317,0.009502,0.000279,117.791351
6975,1511.62,50.716187,40.556519,0.451822,0.020457,8.806714,8.806714,8.806714,8.806714,28.031065,36.874718,0.011539,0.00025,122.151901
7000,1517.055,51.656044,41.912773,0.413096,0.020462,8.463373,8.463373,8.463373,8.463373,28.253498,36.804359,0.009447,0.000273,118.766869
7025,1522.503,57.093296,46.787376,0.535733,0.020465,8.863384,8.863384,8.863384,8.863384,28.031288,36.976482,0.01496,0.000286,133.985428
7050,1527.919,53.570835,43.374722,0.441438,0.020457,8.849288,8.849288,8.849288,8.849288,28.117609,36.854511,0.009334,0.000246,148.757996
7075,1533.284,51.705624,41.730904,0.442657,0.020455,8.646915,8.646915,8.646915,8.646915,28.072672,36.74548,0.008887,0.000229,118.783119
7100,1538.656,50.687157,40.91465,0.425896,0.020461,8.478316,8.478316,8.478316,8.478316,27.919579,36.818283,0.009946,0.000273,136.314346
7125,1544.113,51.71064,41.649384,0.464959,0.020459,8.705309,8.705309,8.705309,8.705309,28.047932,36.774155,0.010285,0.000261,128.409821
7150,1549.489,54.087467,44.063789,0.457361,0.02046,8.678055,8.678055,8.678055,8.678055,28.179573,36.939079,0.009821,0.00027,121.391335
7175,1554.869,53.368214,43.382774,0.438791,0.020458,8.660177,8.660177,8.660177,8.660177,28.179222,36.852554,0.009989,0.000251,134.392349
7200,1560.334,53.333401,42.901142,0.449277,0.020457,9.056838,9.056838,9.056838,9.056838,27.927206,36.928043,0.009617,0.000244,127.421097
7225,1565.708,50.088028,39.966667,0.443352,0.020459,8.779593,8.779593,8.779593,8.779593,28.100544,36.899727,0.009517,0.000256,112.729836
7250,1571.085,51.579624,41.408054,0.443522,0.020464,8.825073,8.825073,8.825073,8.825073,28.227282,36.865128,0.010499,0.00027,150.320908
7275,1576.536,55.737129,45.624218,0.444786,0.020459,8.770608,8.770608,8.770608,8.770608,28.168043,36.95974,0.010224,0.000257,127.668999
7300,1581.909,46.980942,37.051231,0.444053,0.020455,8.604731,8.604731,8.604731,8.604731,28.053713,36.569427,0.010362,0.00024,138.851715
7325,1587.283,50.844101,40.691383,0.447685,0.020457,8.804155,8.804155,8.804155,8.804155,27.878345,36.717743,0.00918,0.000244,105.025368
7350,1592.652,53.035488,42.821514,0.474954,0.020473,8.835045,8.835045,8.835045,8.835045,28.166195,36.772491,0.012367,0.000294,129.164337
7375,1598.032,50.397995,40.248604,0.456245,0.020456,8.793354,8.793354,8.793354,8.793354,28.112663,37.03442,0.010581,0.000237,102.154327
7400,1603.51,54.098274,44.108959,0.457982,0.020461,8.64625,8.64625,8.64625,8.64625,28.115677,36.726521,0.010821,0.000258,132.515717
7425,1608.882,50.59824,40.414219,0.444153,0.020455,8.835832,8.835832,8.835832,8.835832,27.982229,36.973648,0.009888,0.000235,114.665352
7450,1614.244,51.272659,41.192513,0.457935,0.02046,8.728868,8.728868,8.728868,8.728868,28.138552,36.77795,0.010024,0.000263,160.163895
7475,1619.705,50.920994,41.066658,0.455016,0.020455,8.526241,8.526241,8.526241,8.526241,28.274714,36.823891,0.010681,0.000236,150.022797
7499,1624.861,48.986931,38.907104,0.444107,0.020459,8.741148,8.741148,8.741148,8.741148,28.147606,36.918846,0.01038,0.000247,148.965103
